,precision,recall,f1-score,support
No Disease,0.9,0.8181818181818182,0.8571428571428571,33.0
Disease,0.8064516129032258,0.8928571428571429,0.847457627118644,28.0
accuracy,0.8524590163934426,0.8524590163934426,0.8524590163934426,0.8524590163934426
macro avg,0.853225806451613,0.8555194805194806,0.8523002421307506,61.0
weighted avg,0.8570597567424643,0.8524590163934426,0.8526971777874807,61.0
